종목코드,종목명,시장구분,업종명,종가,대비,등락률,시가총액
"095570","AJ네트웍스","KOSPI","서비스업","7070","270","3.97","331033625650"
"006840","AK홀딩스","KOSPI","기타금융","13350","100","0.75","176854939350"
"027410","BGF","KOSPI","기타금융","3335","50","1.52","319215497985"
"282330","BGF리테일","KOSPI","유통업","164000","-1500","-0.91","2834560584000"
"138930","BNK금융지주","KOSPI","기타금융","6180","160","2.66","2014279820280"
"001460","BYC","KOSPI","섬유의복","377000","10000","2.72","235479855000"
"001465","BYC우","KOSPI","섬유의복","149500","2500","1.70","32200057500"
"001040","CJ","KOSPI","기타금융","70700","1200","1.73","2062813758600"
"079160","CJ CGV","KOSPI","서비스업","15250","350","2.35","727572269250"
"00104K","CJ4우(전환)","KOSPI","기타금융","65100","500","0.77","275145931200"
"000120","CJ대한통운","KOSPI","운수창고업","92000","1600","1.77","2098735648000"
"011150","CJ씨푸드","KOSPI","음식료품","2750","100","3.77","98809625750"
"011155","CJ씨푸드1우","KOSPI","음식료품","24950","1150","4.83","4990000000"
"001045","CJ우","KOSPI","기타금융","47500","0","0.00","107360592500"
"097950","CJ제일제당","KOSPI","음식료품","404000","-7000","-1.70","6081891144000"
"097955","CJ제일제당 우","KOSPI","음식료품","168500","0","0.00","223672460500"
"000590","CS홀딩스","KOSPI","기타금융","54600","800","1.49","63034717200"
"012030","DB","KOSPI","서비스업","753","15","2.03","151483971549"
"016610","DB금융투자","KOSPI","증권","4455","85","1.95","189098662995"
"005830","DB손해보험","KOSPI","보험","55900","700","1.27","3957720000000"
"000990","DB하이텍","KOSPI","전기전자","39650","2300","6.16","1760404014200"
"000995","DB하이텍1우","KOSPI","전기전자","87300","20100","29.91","9805186800"
"139130","DGB금융지주","KOSPI","기타금융","7000","30","0.43","1184020831000"
"001530","DI동일","KOSPI","유통업","14300","500","3.62","365626261000"
"000210","DL","KOSPI","기타금융","58500","1200","2.09","1225919214000"
"001880","DL건설","KOSPI","건설업","15500","-150","-0.96","341825902000"
"000215","DL우","KOSPI","기타금융","34800","600","1.75","58676802000"
"375500","DL이앤씨","KOSPI","건설업","35800","1500","4.37","1385231703400"
"37550L","DL이앤씨2우(전환)","KOSPI","건설업","28450","750","2.71","60085005950"
"37550K","DL이앤씨우","KOSPI","건설업","25200","600","2.44","53269902000"
"007340","DN오토모티브","KOSPI","전기전자","61000","-600","-0.97","609634305000"
"004840","DRB동일","KOSPI","화학","4060","60","1.50","80915800000"
"155660","DSR","KOSPI","철강금속","4660","135","2.98","74560000000"
"069730","DSR제강","KOSPI","철강금속","4285","205","5.02","61704000000"
"017940","E1","KOSPI","유통업","44100","1750","4.13","302526000000"
"365550","ESR켄달스퀘어리츠","KOSPI","서비스업","5110","60","1.19","1088884790000"
"383220","F&F","KOSPI","섬유의복","142500","5000","3.64","5458758187500"
"007700","F&F홀딩스","KOSPI","기타금융","15000","350","2.39","586715505000"
"114090","GKL","KOSPI","서비스업","15100","400","2.72","934020617000"
"078930","GS","KOSPI","기타금융","43600","1900","4.56","4051110480800"
"006360","GS건설","KOSPI","건설업","23600","1050","4.66","2019723164000"
"001250","GS글로벌","KOSPI","유통업","2840","180","6.77","234395889760"
"007070","GS리테일","KOSPI","유통업","25400","-200","-0.78","2659835218800"
"078935","GS우","KOSPI","기타금융","35000","600","1.74","62468910000"
"012630","HDC","KOSPI","기타금융","5940","20","0.34","354865822740"
"039570","HDC랩스","KOSPI","건설업","8110","120","1.50","210516144110"
"089470","HDC현대EP","KOSPI","화학","3975","105","2.71","126802500000"
"294870","HDC현대산업개발","KOSPI","건설업","10700","350","3.38","705208431000"
"267250","HD현대","KOSPI","화학","56900","2800","5.18","4494706536500"
"097230","HJ중공업","KOSPI","건설업","4410","110","2.56","367239579210"
"014790","HL D&I","KOSPI","건설업","3150","80","2.61","119254593150"
"003580","HLB글로벌","KOSPI","광업","8040","330","4.28","340631017680"
"204320","HL만도","KOSPI","운수장비","45600","1250","2.82","2141244672000"
"060980","HL홀딩스","KOSPI","기타금융","32200","500","1.58","337200654000"
"011200","HMM","KOSPI","운수창고업","18700","200","1.08","9145038575200"
"082740","HSD엔진","KOSPI","기계","7290","150","2.10","521555716260"
"003560","IHQ","KOSPI","서비스업","509","16","3.25","94599839718"
"175330","JB금융지주","KOSPI","기타금융","7040","80","1.15","1386759573760"
"234080","JW생명과학","KOSPI","의약품","11550","250","2.21","182889098700"
"001060","JW중외제약","KOSPI","의약품","18350","750","4.26","406967786350"
"001067","JW중외제약2우B","KOSPI","의약품","59000","-3800","-6.05","6072693000"
"001065","JW중외제약우","KOSPI","의약품","33750","200","0.60","6167306250"
"096760","JW홀딩스","KOSPI","기타금융","2875","85","3.05","202528529750"
"105560","KB금융","KOSPI","기타금융","44700","1000","2.29","18277698939600"
"002380","KCC","KOSPI","화학","241000","9500","4.10","2141639511000"
"344820","KCC글라스","KOSPI","비금속광물","40650","700","1.75","649201312800"
"009070","KCTC","KOSPI","운수창고업","4080","180","4.62","122400000000"
"009440","KC그린홀딩스","KOSPI","기타금융","3185","45","1.43","71455411300"
"119650","KC코트렐","KOSPI","기계","3100","105","3.51","54561413600"
"092220","KEC","KOSPI","전기전자","2385","105","4.61","345224316285"
"016380","KG스틸","KOSPI","철강금속","8670","390","4.71","867077136990"
"001390","KG케미칼","KOSPI","화학","22200","700","3.26","307827331200"
"033180","KH 필룩스","KOSPI","전기전자","1025","25","2.50","159146493800"
"001940","KISCO홀딩스","KOSPI","철강금속","12500","100","0.81","202204750000"
"025000","KPX케미칼","KOSPI","화학","48450","-150","-0.31","234498000000"
"092230","KPX홀딩스","KOSPI","화학","52800","300","0.57","223061308800"
"000040","KR모터스","KOSPI","운수장비","731","93","14.58","70277217915"
"044450","KSS해운","KOSPI","운수창고업","9250","410","4.64","213544390000"
"030200","KT","KOSPI","통신업","36150","-50","-0.14","9439191859200"
"033780","KT&G","KOSPI","기타제조업","87000","400","0.46","11944447239000"
"058850","KTcs","KOSPI","서비스업","2175","45","2.11","92839875000"
"058860","KTis","KOSPI","서비스업","2620","35","1.35","91181240000"
"093050","LF","KOSPI","섬유의복","14800","200","1.37","432752000000"
"003550","LG","KOSPI","기타금융","76300","2300","3.11","12002065765900"
"034220","LG디스플레이","KOSPI","전기전자","12400","400","3.33","4436914680000"
"051900","LG생활건강","KOSPI","화학","632000","-1000","-0.16","9870700504000"
"051905","LG생활건강우","KOSPI","화학","347000","17500","5.31","728594859000"
"373220","LG에너지솔루션","KOSPI","전기전자","444500","18000","4.22","104013000000000"
"003555","LG우","KOSPI","기타금융","59900","400","0.67","180995038000"
"032640","LG유플러스","KOSPI","통신업","10650","-100","-0.93","4649910994650"
"011070","LG이노텍","KOSPI","전기전자","284000","10500","3.84","6721458388000"
"066570","LG전자","KOSPI","전기전자","80700","2100","2.67","13206378589800"
"066575","LG전자우","KOSPI","전기전자","37900","950","2.57","651349096800"
"037560","LG헬로비전","KOSPI","서비스업","4400","210","5.01","340766206000"
"051910","LG화학","KOSPI","화학","555000","19000","3.54","39178750365000"
"051915","LG화학우","KOSPI","화학","260000","8000","3.17","1999088000000"
"079550","LIG넥스원","KOSPI","기계","95000","4700","5.20","2090000000000"
"006260","LS","KOSPI","기타금융","57900","1200","2.12","1864380000000"
"010120","LS ELECTRIC","KOSPI","전기전자","48650","1950","4.18","1459500000000"
"000680","LS네트웍스","KOSPI","유통업","2800","210","8.11","220648444800"
"229640","LS전선아시아","KOSPI","기타금융","7310","260","3.69","223867865490"
"001120","LX인터내셔널","KOSPI","유통업","41200","2300","5.91","1596912000000"
"108670","LX하우시스","KOSPI","화학","33800","1200","3.68","303107246000"
"108675","LX하우시스우","KOSPI","화학","16400","450","2.82","16930212000"
"383800","LX홀딩스","KOSPI","기타금융","8390","140","1.70","639994989100"
"38380K","LX홀딩스1우","KOSPI","기타금융","10150","160","1.60","14872642750"
"023150","MH에탄올","KOSPI","음식료품","7660","310","4.22","56519509160"
"035420","NAVER","KOSPI","서비스업","176500","-17000","-8.79","28954663502500"
"181710","NHN","KOSPI","서비스업","22100","600","2.79","795980075800"
"400760","NH올원리츠","KOSPI","서비스업","4195","-45","-1.06","177029000000"
"005940","NH투자증권","KOSPI","증권","9050","60","0.67","3001576585050"
"005945","NH투자증권우","KOSPI","증권","9260","60","0.65","174745163680"
"338100","NH프라임리츠","KOSPI","서비스업","4475","20","0.45","83503500000"
"034310","NICE","KOSPI","서비스업","12450","100","0.81","471634635000"
"008260","NI스틸","KOSPI","철강금속","3830","90","2.41","109538448110"
"004250","NPC","KOSPI","화학","7340","360","5.16","269524800000"
"004255","NPC우","KOSPI","화학","3730","115","3.18","19694400000"
"010060","OCI","KOSPI","화학","94800","3800","4.18","2260920370800"
"178920","PI첨단소재","KOSPI","화학","31800","1950","6.53","933849039600"
"005490","POSCO홀딩스","KOSPI","철강금속","222500","11500","5.45","18817098675000"
"010950","S-Oil","KOSPI","화학","83600","2600","3.21","9411921411200"
"010955","S-Oil우","KOSPI","화학","55400","1600","2.97","222814755800"
"034120","SBS","KOSPI","서비스업","31350","600","1.95","572218445700"
"005090","SGC에너지","KOSPI","전기가스업","31850","1100","3.58","467462577400"
"001380","SG글로벌","KOSPI","운수장비","1120","40","3.70","50359840160"
"004060","SG세계물산","KOSPI","유통업","537","32","6.34","108702203520"
"001770","SHD","KOSPI","철강금속","36350","1250","3.56","44160815300"
"002360","SH에너지화학","KOSPI","화학","947","34","3.72","105243642310"
"009160","SIMPAC","KOSPI","철강금속","4745","195","4.29","310463053420"
"123700","SJM","KOSPI","운수장비","3510","50","1.45","54773191980"
"025530","SJM홀딩스","KOSPI","유통업","4610","350","8.22","68845776880"
"034730","SK","KOSPI","기타금융","201500","9500","4.95","14941089793500"
"011790","SKC","KOSPI","화학","87600","3700","4.41","3317262904800"
"018670","SK가스","KOSPI","유통업","106000","5500","5.47","978405864000"
"001740","SK네트웍스","KOSPI","유통업","4020","60","1.52","997714340940"
"001745","SK네트웍스우","KOSPI","유통업","73900","17000","29.88","8398587200"
"006120","SK디스커버리","KOSPI","기타금융","30450","650","2.18","579702684750"
"006125","SK디스커버리우","KOSPI","기타금융","28300","1050","3.85","38444276500"
"210980","SK디앤디","KOSPI","서비스업","22750","400","1.79","504826231000"
"068400","SK렌터카","KOSPI","서비스업","7010","160","2.34","331473738400"
"395400","SK리츠","KOSPI","서비스업","4995","-45","-0.89","981787624605"
"302440","SK바이오사이언스","KOSPI","의약품","85500","5200","6.48","6565035933000"
"326030","SK바이오팜","KOSPI","서비스업","58000","1100","1.93","4542168500000"
"402340","SK스퀘어","KOSPI","기타금융","38100","1950","5.39","5389914455100"
"361610","SK아이이테크놀로지","KOSPI","전기전자","55200","2800","5.34","3935627078400"
"03473K","SK우","KOSPI","기타금융","173500","4500","2.66","98224422500"
"096770","SK이노베이션","KOSPI","화학","154000","10500","7.32","14239696856000"
"096775","SK이노베이션우","KOSPI","화학","93500","4900","5.53","116727831000"
"001510","SK증권","KOSPI","증권","656","19","2.98","310019152176"
"001515","SK증권우","KOSPI","증권","2840","-40","-1.39","11111539760"
"285130","SK케미칼","KOSPI","화학","92300","1300","1.43","1626397994000"
"28513K","SK케미칼우","KOSPI","화학","42400","900","2.17","89694189600"
"017670","SK텔레콤","KOSPI","통신업","50900","100","0.20","11138607029600"
"000660","SK하이닉스","KOSPI","전기전자","86200","3100","3.73","62753803863000"
"064960","SNT모티브","KOSPI","운수장비","43650","1650","3.93","638299886400"
"100840","SNT에너지","KOSPI","기계","17700","400","2.31","132868784700"
"003570","SNT중공업","KOSPI","운수장비","10100","840","9.07","335852239700"
"036530","SNT홀딩스","KOSPI","기타금융","14600","300","2.10","238036735600"
"005610","SPC삼립","KOSPI","음식료품","84400","-1300","-1.52","728288359600"
"011810","STX","KOSPI","유통업","3315","50","1.53","94880120010"
"077970","STX엔진","KOSPI","기계","13200","250","1.93","303717532800"
"071970","STX중공업","KOSPI","기계","3775","95","2.58","107081559400"
"002820","SUN&L","KOSPI","종이목재","3685","55","1.52","46460439465"
"084870","TBH글로벌","KOSPI","섬유의복","1725","35","2.07","35978012775"
"002710","TCC스틸","KOSPI","철강금속","8490","260","3.16","210919438710"
"069260","TKG휴켐스","KOSPI","화학","19650","750","3.97","803264254200"
"002900","TYM","KOSPI","기계","2105","70","3.44","320704637435"
"024070","WISCOM","KOSPI","화학","2845","45","1.61","43603716110"
"037270","YG PLUS","KOSPI","서비스업","4770","60","1.27","302558285700"
"000500","가온전선","KOSPI","전기전자","16700","800","5.03","69477794900"
"000860","강남제비스코","KOSPI","화학","21450","1200","5.93","139425000000"
"035250","강원랜드","KOSPI","서비스업","24050","500","2.12","5145269025000"
"011420","갤럭시아에스엠","KOSPI","서비스업","1890","105","5.88","52068827160"
"002100","경농","KOSPI","화학","9160","210","2.35","178826787000"
"009450","경동나비엔","KOSPI","전기전자","34750","550","1.61","506258572000"
"267290","경동도시가스","KOSPI","전기가스업","22250","100","0.45","131172783500"
"012320","경동인베스트","KOSPI","기타금융","30500","700","2.35","72133201500"
"000050","경방","KOSPI","유통업","11550","100","0.87","316646368500"
"214390","경보제약","KOSPI","의약품","5310","200","3.91","126945426600"
"012610","경인양행","KOSPI","화학","4790","50","1.05","199342388350"
"009140","경인전자","KOSPI","전기전자","25900","-200","-0.77","40683642300"
"013580","계룡건설","KOSPI","건설업","18250","850","4.89","162989052750"
"012200","계양전기","KOSPI","기계","2475","105","4.43","80685000000"
"012205","계양전기우","KOSPI","기계","4950","150","3.13","6930000000"
"002140","고려산업","KOSPI","음식료품","5540","170","3.17","138164414500"
"010130","고려아연","KOSPI","철강금속","597000","2000","0.34","11858305326000"
"002240","고려제강","KOSPI","철강금속","17700","650","3.81","407100000000"
"009290","광동제약","KOSPI","의약품","5970","50","0.84","312952480470"
"017040","광명전기","KOSPI","전기전자","2150","60","2.87","93175872250"
"017900","광전자","KOSPI","전기전자","2160","75","3.60","125158528080"
"037710","광주신세계","KOSPI","유통업","31650","300","0.96","253200000000"
"030610","교보증권","KOSPI","증권","5770","100","1.76","373049517920"
"339770","교촌에프앤비","KOSPI","유통업","10050","210","2.13","251074527000"
"007690","국도화학","KOSPI","화학","43800","650","1.51","394664980800"
"005320","국동","KOSPI","유통업","1170","65","5.88","64828981620"
"001140","국보","KOSPI","운수창고업","883","3","0.34","70093227857"
"002720","국제약품","KOSPI","의약품","4330","105","2.49","87444995170"
"083420","그린케미칼","KOSPI","화학","10800","2140","24.71","259200000000"
"014530","극동유화","KOSPI","화학","3505","100","2.94","122217317100"
"014280","금강공업","KOSPI","철강금속","5280","110","2.13","154859004960"
"014285","금강공업우","KOSPI","철강금속","11600","200","1.75","6842550000"
"008870","금비","KOSPI","비금속광물","59000","1000","1.72","59000000000"
"001570","금양","KOSPI","화학","16350","550","3.48","949118104950"
"002990","금호건설","KOSPI","건설업","7460","0","0.00","275673818700"
"002995","금호건설우","KOSPI","건설업","21000","950","4.74","6137586000"
"011780","금호석유","KOSPI","화학","119500","4000","3.46","3620353358000"
"011785","금호석유우","KOSPI","화학","84500","1400","1.68","255484567000"
"214330","금호에이치티","KOSPI","운수장비","1105","25","2.31","219872756350"
"001210","금호전기","KOSPI","전기전자","1065","25","2.40","29345213415"
"073240","금호타이어","KOSPI","화학","3325","-10","-0.30","955140454275"
"092440","기신정기","KOSPI","기계","3655","275","8.14","106726000000"
"000270","기아","KOSPI","운수장비","72800","900","1.25","29510451661600"
"024110","기업은행","KOSPI","은행","9720","200","2.10","7234601705640"
"013700","까뮤이앤씨","KOSPI","건설업","1775","75","4.41","80145297000"
"004540","깨끗한나라","KOSPI","종이목재","2940","65","2.26","109487637420"
"004545","깨끗한나라우","KOSPI","종이목재","16700","300","1.83","6114872000"
"001260","남광토건","KOSPI","건설업","8770","180","2.10","86200452780"
"008350","남선알미늄","KOSPI","철강금속","1780","65","3.79","229760780200"
"008355","남선알미우","KOSPI","철강금속","22250","1050","4.95","6850552500"
"004270","남성","KOSPI","유통업","2025","170","9.16","73329624000"
"003920","남양유업","KOSPI","음식료품","383500","1000","0.26","276120000000"
"003925","남양유업우","KOSPI","음식료품","206500","4000","1.98","34415703000"
"025860","남해화학","KOSPI","화학","8460","240","2.92","420283011780"
"005720","넥센","KOSPI","화학","4000","40","1.01","214175908000"
"005725","넥센우","KOSPI","화학","2905","35","1.22","10459743000"
"002350","넥센타이어","KOSPI","화학","7130","-60","-0.83","696371963010"
"002355","넥센타이어1우B","KOSPI","화학","2790","20","0.72","18135000000"
"251270","넷마블","KOSPI","서비스업","53600","2300","4.48","4607107707200"
"090350","노루페인트","KOSPI","화학","7870","270","3.55","157400000000"
"090355","노루페인트우","KOSPI","화학","15150","650","4.48","7016358900"
"000320","노루홀딩스","KOSPI","기타금융","11450","400","3.62","152183678950"
"000325","노루홀딩스우","KOSPI","기타금융","23800","1000","4.39","5796704200"
"006280","녹십자","KOSPI","의약품","125000","1500","1.21","1460817250000"
"005250","녹십자홀딩스","KOSPI","서비스업","16750","450","2.76","787722517500"
"005257","녹십자홀딩스2우","KOSPI","서비스업","42350","200","0.47","35827676500"
"004370","농심","KOSPI","음식료품","297500","-500","-0.17","1809585995000"
"072710","농심홀딩스","KOSPI","기타금융","63600","1000","1.60","294963444000"
"058730","다스코","KOSPI","기계","5110","265","5.47","94255293930"
"030210","다올투자증권","KOSPI","증권","3695","55","1.51","222860569940"
"023590","다우기술","KOSPI","서비스업","17400","400","2.35","780679135800"
"145210","다이나믹디자인","KOSPI","기계","4900","215","4.59","32347467600"
"019680","대교","KOSPI","서비스업","2385","20","0.85","202016297250"
"019685","대교우B","KOSPI","서비스업","1750","5","0.29","33997232500"
"006370","대구백화점","KOSPI","유통업","10000","10","0.10","108216110000"
"008060","대덕","KOSPI","기타금융","5950","150","2.59","201646392500"
"00806K","대덕1우","KOSPI","기타금융","7490","120","1.63","9080553930"
"353200","대덕전자","KOSPI","전기전자","22000","750","3.53","1087172350000"
"35320K","대덕전자1우","KOSPI","전기전자","9830","40","0.41","20598951770"
"000490","대동","KOSPI","기계","9900","280","2.91","236930304600"
"008110","대동전자","KOSPI","전기전자","11900","250","2.15","124836319300"
"005750","대림B&Co","KOSPI","비금속광물","4000","195","5.12","66688960000"
"006570","대림통상","KOSPI","기계","3260","15","0.46","49633500000"
"001680","대상","KOSPI","음식료품","21850","300","1.39","757059346250"
"001685","대상우","KOSPI","음식료품","15750","300","1.94","21581012250"
"084690","대상홀딩스","KOSPI","기타금융","7400","170","2.35","267972781200"
"084695","대상홀딩스우","KOSPI","기타금융","8780","130","1.50","8020371960"
"128820","대성산업","KOSPI","유통업","4080","65","1.62","184560750240"
"117580","대성에너지","KOSPI","전기가스업","12250","50","0.41","336875000000"
"016710","대성홀딩스","KOSPI","서비스업","88200","-300","-0.34","1419090283800"
"003540","대신증권","KOSPI","증권","14050","300","2.18","713366270000"
"003547","대신증권2우B","KOSPI","증권","13150","100","0.77","131500000000"
"003545","대신증권우","KOSPI","증권","13500","50","0.37","351000000000"
"009190","대양금속","KOSPI","철강금속","3310","0","0.00","107094268840"
"014160","대영포장","KOSPI","종이목재","1350","15","1.12","146332641150"
"047040","대우건설","KOSPI","건설업","4255","135","3.28","1768474324690"
"009320","대우부품","KOSPI","운수장비","1640","30","1.86","78140055000"
"042660","대우조선해양","KOSPI","운수장비","19550","600","3.17","2097532578950"
"003090","대웅","KOSPI","의약품","21000","50","0.24","1220981580000"
"069620","대웅제약","KOSPI","의약품","158000","0","0.00","1830678850000"
"000430","대원강업","KOSPI","운수장비","2735","45","1.67","169570000000"
"006340","대원전선","KOSPI","전기전자","1195","35","3.02","85997618130"
"006345","대원전선우","KOSPI","전기전자","2250","40","1.81","5897700000"
"003220","대원제약","KOSPI","의약품","15300","100","0.66","334195390800"
"024890","대원화성","KOSPI","화학","2690","100","3.86","110960218880"
"002880","대유에이텍","KOSPI","운수장비","660","23","3.61","76017232500"
"000300","대유플러스","KOSPI","전기전자","850","29","3.53","102848957900"
"012800","대창","KOSPI","철강금속","1250","45","3.73","113925623750"
"015230","대창단조","KOSPI","운수장비","5200","190","3.79","148575596000"
"001070","대한방직","KOSPI","섬유의복","51000","1000","2.00","270300000000"
"006650","대한유화","KOSPI","화학","106500","3000","2.90","692250000000"
"001440","대한전선","KOSPI","전기전자","1485","35","2.41","1848042418365"
"084010","대한제강","KOSPI","철강금속","12750","550","4.51","314245858500"
"001790","대한제당","KOSPI","음식료품","2700","115","4.45","242180766000"
"001795","대한제당우","KOSPI","음식료품","2530","125","5.20","16401382800"
"001130","대한제분","KOSPI","음식료품","129500","2000","1.57","218855000000"
"003490","대한항공","KOSPI","운수창고업","21700","-400","-1.81","7990388343700"
"003495","대한항공우","KOSPI","운수창고업","27000","100","0.37","29991438000"
"005880","대한해운","KOSPI","운수창고업","2025","80","4.11","646334356500"
"003830","대한화섬","KOSPI","화학","99100","1400","1.43","131604800000"
"016090","대현","KOSPI","섬유의복","2065","65","3.25","91442970150"
"069460","대호에이엘","KOSPI","철강금속","1600","50","3.23","83205630400"
"192080","더블유게임즈","KOSPI","서비스업","43450","-450","-1.03","798372111900"
"012510","더존비즈온","KOSPI","서비스업","32450","1250","4.01","985921340800"
"004830","덕성","KOSPI","화학","4555","145","3.29","71422400000"
"004835","덕성우","KOSPI","화학","7250","140","1.97","10092000000"
"024900","덕양산업","KOSPI","운수장비","2435","65","2.74","79295726300"
"145720","덴티움","KOSPI","의료정밀","89800","6300","7.54","993980934000"
"002150","도화엔지니어링","KOSPI","서비스업","8000","270","3.49","269760000000"
"001230","동국제강","KOSPI","철강금속","11450","650","6.02","1092704838650"
"023450","동남합성","KOSPI","화학","55700","-400","-0.71","201077000000"
"004140","동방","KOSPI","운수창고업","2150","80","3.86","103139296900"
"007590","동방아그로","KOSPI","화학","6330","30","0.48","86199262410"
"005960","동부건설","KOSPI","건설업","8820","70","0.80","201752649000"
"005965","동부건설우","KOSPI","건설업","24050","150","0.63","5428854600"
"026960","동서","KOSPI","유통업","20600","-200","-0.96","2053820000000"
"002210","동성제약","KOSPI","의약품","6560","20","0.31","171222363200"
"102260","동성케미컬","KOSPI","서비스업","4700","85","1.84","233541721600"
"000640","동아쏘시오홀딩스","KOSPI","기타금융","99300","-1700","-1.68","630447060900"
"170900","동아에스티","KOSPI","의약품","50500","700","1.41","426550169000"
"028100","동아지질","KOSPI","건설업","13750","350","2.61","193223882500"
"282690","동아타이어","KOSPI","화학","11850","200","1.72","162736227750"
"001520","동양","KOSPI","비금속광물","936","20","2.18","223408282968"
"001527","동양2우B","KOSPI","비금속광물","11950","450","3.91","3687399550"
"084670","동양고속","KOSPI","운수창고업","14000","200","1.45","40537966000"
"082640","동양생명","KOSPI","보험","4920","105","2.18","793884238200"
"001525","동양우","KOSPI","비금속광물","6070","130","2.19","3749627170"
"008970","동양철관","KOSPI","철강금속","1015","25","2.53","120668569350"
"092780","동양피스톤","KOSPI","운수장비","4285","135","3.25","56426851100"
"049770","동원F&B","KOSPI","음식료품","144500","500","0.35","557643418000"
"018500","동원금속","KOSPI","운수장비","970","13","1.36","45352285010"
"006040","동원산업","KOSPI","농업, 임업 및 어업","232500","0","0.00","855051532500"
"030720","동원수산","KOSPI","농업, 임업 및 어업","8790","290","3.41","40906945950"
"014820","동원시스템즈","KOSPI","화학","46700","900","1.97","1353892869400"
"014825","동원시스템즈우","KOSPI","화학","28150","-100","-0.35","7434724650"
"163560","동일고무벨트","KOSPI","화학","6030","90","1.52","83817000000"
"004890","동일산업","KOSPI","철강금속","174000","-1000","-0.57","421987410000"
"002690","동일제강","KOSPI","철강금속","2380","80","3.48","48314856800"
"000020","동화약품","KOSPI","의약품","8770","510","6.17","244958991900"
"000150","두산","KOSPI","기타금융","80000","-1100","-1.36","1321906800000"
"000157","두산2우B","KOSPI","기타금융","84000","500","0.60","75015192000"
"241560","두산밥캣","KOSPI","기계","29600","1100","3.86","2967375313600"
"034020","두산에너빌리티","KOSPI","기계","14950","700","4.91","9542705093350"
"000155","두산우","KOSPI","기타금융","53500","-400","-0.74","213810717000"
"336260","두산퓨얼셀","KOSPI","전기전자","29550","950","3.32","1935339603300"
"33626K","두산퓨얼셀1우","KOSPI","전기전자","9480","130","1.39","126692616000"
"33626L","두산퓨얼셀2우B","KOSPI","전기전자","11650","450","4.02","34790395000"
"016740","두올","KOSPI","운수장비","2485","100","4.19","82170699800"
"192650","드림텍","KOSPI","전기전자","10650","500","4.93","717602293050"
"024090","디씨엠","KOSPI","철강금속","14300","600","4.38","163020000000"
"003160","디아이","KOSPI","의료정밀","4430","175","4.11","139530757550"
"092200","디아이씨","KOSPI","운수장비","4030","930","30.00","156720933070"
"377190","디앤디플랫폼리츠","KOSPI","서비스업","4045","-90","-2.18","260498000000"
"013570","디와이","KOSPI","기타금융","5740","440","8.30","151074693420"
"210540","디와이파워","KOSPI","기계","9970","620","6.63","110085828760"
"115390","락앤락","KOSPI","화학","6840","80","1.18","343371036960"
"032350","롯데관광개발","KOSPI","서비스업","10900","50","0.46","788425895900"
"089860","롯데렌탈","KOSPI","서비스업","31800","700","2.25","1164963203400"
"330590","롯데리츠","KOSPI","서비스업","4900","0","0.00","1190547531600"
"000400","롯데손해보험","KOSPI","보험","1390","60","4.51","431367484800"
"023530","롯데쇼핑","KOSPI","유통업","91100","4600","5.32","2577105580500"
"004000","롯데정밀화학","KOSPI","화학","57600","1300","2.31","1486080000000"
"286940","롯데정보통신","KOSPI","서비스업","23800","200","0.85","366432677800"
"280360","롯데제과","KOSPI","음식료품","136000","-2500","-1.81","1283102064000"
"004990","롯데지주","KOSPI","기타금융","38700","400","1.04","4059987471900"
"00499K","롯데지주우","KOSPI","기타금융","46200","800","1.76","37218858600"
"005300","롯데칠성","KOSPI","음식료품","156000","-3500","-2.19","1447505904000"
"005305","롯데칠성우","KOSPI","음식료품","68600","-200","-0.29","53186266000"
"011170","롯데케미칼","KOSPI","화학","149500","5500","3.82","5124175140500"
"071840","롯데하이마트","KOSPI","유통업","13250","300","2.32","312802184000"
"027740","마니커","KOSPI","음식료품","1190","20","1.71","75578361320"
"357430","마스턴프리미어리츠","KOSPI","서비스업","4180","-140","-3.24","111104400000"
"001080","만호제강","KOSPI","철강금속","25850","850","3.40","107277500000"
"088980","맥쿼리인프라","KOSPI","기타금융","11900","150","1.28","4817662009300"
"094800","맵스리얼티1","KOSPI","기타금융","4165","-15","-0.36","386654988615"
"138040","메리츠금융지주","KOSPI","기타금융","21600","750","3.60","2755551355200"
"008560","메리츠증권","KOSPI","증권","3675","0","0.00","2350936377825"
"000060","메리츠화재","KOSPI","보험","30300","800","2.71","3447624900000"
"090370","메타랩스","KOSPI","섬유의복","626","9","1.46","77951678448"
"017180","명문제약","KOSPI","의약품","2670","150","5.95","90655722180"
"009900","명신산업","KOSPI","운수장비","17550","200","1.15","920850834150"
"012690","모나리자","KOSPI","종이목재","2955","120","4.23","108068058525"
"005360","모나미","KOSPI","유통업","3160","60","1.94","59715490120"
"204210","모두투어리츠","KOSPI","서비스업","4485","-70","-1.54","35103265275"
"009680","모토닉","KOSPI","운수장비","7890","160","2.07","260370000000"
"009580","무림P&P","KOSPI","종이목재","4485","80","1.82","279721933140"
"009200","무림페이퍼","KOSPI","종이목재","2175","55","2.59","90500249250"
"033920","무학","KOSPI","음식료품","5450","240","4.61","155325000000"
"008420","문배철강","KOSPI","철강금속","4355","180","4.31","89292764275"
"025560","미래산업","KOSPI","의료정밀","8490","190","2.29","37797539430"
"007120","미래아이앤지","KOSPI","서비스업","300","7","2.39","41825377200"
"396690","미래에셋글로벌리츠","KOSPI","서비스업","4450","-40","-0.89","129317000000"
"357250","미래에셋맵스리츠","KOSPI","서비스업","3760","-55","-1.44","75576000000"
"085620","미래에셋생명","KOSPI","보험","2710","65","2.46","479713872190"
"006800","미래에셋증권","KOSPI","증권","6030","50","0.84","3710357940240"
"00680K","미래에셋증권2우B","KOSPI","증권","3675","20","0.55","514500000000"
"006805","미래에셋증권우","KOSPI","증권","4170","85","2.08","58695877500"
"002840","미원상사","KOSPI","화학","170000","3000","1.80","844900000000"
"268280","미원에스씨","KOSPI","화학","181000","-1000","-0.55","923100000000"
"107590","미원홀딩스","KOSPI","기타금융","128500","-500","-0.39","298120000000"
"134380","미원화학","KOSPI","화학","62000","500","0.81","136354616000"
"003650","미창석유","KOSPI","화학","73900","0","0.00","128561760800"
"155900","바다로19호","KOSPI","서비스업","3280","-5","-0.15","49856013120"
"003610","방림","KOSPI","섬유의복","4890","350","7.71","206915900100"
"001340","백광산업","KOSPI","화학","4180","165","4.11","187758941260"
"035150","백산","KOSPI","화학","9240","200","2.21","224855400000"
"002410","범양건영","KOSPI","건설업","3275","145","4.63","81324741050"
"096300","베트남개발1","KOSPI","기타금융","235","0","0.00","32354849585"
"007210","벽산","KOSPI","비금속광물","2030","30","1.50","139176800000"
"002760","보락","KOSPI","화학","1445","45","3.21","86555500000"
"003850","보령","KOSPI","의약품","10350","-50","-0.48","710941500000"
"000890","보해양조","KOSPI","음식료품","644","19","3.04","89593363076"
"003000","부광약품","KOSPI","의약품","7590","130","1.74","539368541910"
"001270","부국증권","KOSPI","증권","21500","800","3.86","222952549000"
"001275","부국증권우","KOSPI","증권","19200","200","1.05","57600000000"
"026940","부국철강","KOSPI","철강금속","3340","130","4.05","66800000000"
"011390","부산산업","KOSPI","비금속광물","69000","1200","1.77","72864000000"
"005030","부산주공","KOSPI","운수장비","702","13","1.89","51196149576"
"002070","비비안","KOSPI","섬유의복","1325","15","1.15","39477036750"
"100220","비상교육","KOSPI","서비스업","6020","40","0.67","78240380820"
"030790","비케이탑스","KOSPI","서비스업","904","0","0.00","19208323080"
"005180","빙그레","KOSPI","음식료품","39600","150","0.38","390109143600"
"003960","사조대림","KOSPI","음식료품","24500","800","3.38","224529441500"
"008040","사조동아원","KOSPI","음식료품","1160","40","3.57","163727736000"
"007160","사조산업","KOSPI","농업, 임업 및 어업","40900","400","0.99","204500000000"
"014710","사조씨푸드","KOSPI","음식료품","4810","140","3.00","82821191830"
"006090","사조오양","KOSPI","음식료품","8050","40","0.50","75853048950"
"001470","삼부토건","KOSPI","건설업","1500","20","1.35","281510062500"
"006400","삼성SDI","KOSPI","전기전자","556000","10000","1.83","38233078680000"
"006405","삼성SDI우","KOSPI","전기전자","274500","3500","1.29","444112452000"
"006660","삼성공조","KOSPI","운수장비","10400","150","1.46","84513665600"
"028260","삼성물산","KOSPI","유통업","107000","3500","3.38","19996917667000"
"02826K","삼성물산우B","KOSPI","유통업","96600","2000","2.11","157209255000"
"207940","삼성바이오로직스","KOSPI","의약품","811000","4000","0.50","57722114000000"
"032830","삼성생명","KOSPI","보험","61200","-1200","-1.92","12240000000000"
"018260","삼성에스디에스","KOSPI","서비스업","116500","1500","1.30","9014513700000"
"028050","삼성엔지니어링","KOSPI","서비스업","23450","700","3.08","4596200000000"
"009150","삼성전기","KOSPI","전기전자","117000","5000","4.46","8739162432000"
"009155","삼성전기우","KOSPI","전기전자","61000","1700","2.87","177326024000"
"005930","삼성전자","KOSPI","전기전자","55200","2100","3.95","329531996760000"
"005935","삼성전자우","KOSPI","전기전자","49300","2400","5.12","40568314310000"
"001360","삼성제약","KOSPI","의약품","2935","75","2.62","197120701865"
"010140","삼성중공업","KOSPI","운수장비","5430","120","2.26","4778400000000"
"010145","삼성중공우","KOSPI","운수장비","199000","0","0.00","22854155000"
"016360","삼성증권","KOSPI","증권","30950","200","0.65","2763835000000"
"068290","삼성출판사","KOSPI","서비스업","24500","3700","17.79","245000000000"
"029780","삼성카드","KOSPI","기타금융","30750","550","1.82","3562660898250"
"000810","삼성화재","KOSPI","보험","191000","7000","3.80","9048593867000"
"000815","삼성화재우","KOSPI","보험","156500","2000","1.29","499548000000"
"006110","삼아알미늄","KOSPI","철강금속","23700","1400","6.28","260700000000"
"145990","삼양사","KOSPI","음식료품","37050","350","0.95","382113285450"
"145995","삼양사우","KOSPI","음식료품","31150","750","2.47","11527680500"
"003230","삼양식품","KOSPI","음식료품","109000","3000","2.83","821098635000"
"002170","삼양통상","KOSPI","기타제조업","47600","250","0.53","142800000000"
"272550","삼양패키징","KOSPI","화학","17150","350","2.08","270775707650"
"000070","삼양홀딩스","KOSPI","기타금융","63000","600","0.96","539549073000"
"000075","삼양홀딩스우","KOSPI","기타금융","59500","600","1.02","18091451000"
"002810","삼영무역","KOSPI","유통업","12550","0","0.00","231760197400"
"005680","삼영전자","KOSPI","전기전자","9650","260","2.77","193000000000"
"003720","삼영화학","KOSPI","화학","2495","90","3.74","84830000000"
"023000","삼원강재","KOSPI","운수장비","2450","60","2.51","98000000000"
"004380","삼익THK","KOSPI","기계","12350","700","6.01","259350000000"
"002450","삼익악기","KOSPI","기타제조업","1215","35","2.97","109995061725"
"004440","삼일씨엔에스","KOSPI","비금속광물","6600","100","1.54","84030850200"
"000520","삼일제약","KOSPI","의약품","8470","340","4.18","116052933150"
"009770","삼정펄프","KOSPI","종이목재","25750","800","3.21","64374253250"
"005500","삼진제약","KOSPI","의약품","27050","750","2.85","375995000000"
"004690","삼천리","KOSPI","전기가스업","279500","12000","4.49","1133379487500"
"010960","삼호개발","KOSPI","건설업","4050","50","1.25","101250000000"
"004450","삼화왕관","KOSPI","기계","34050","750","2.25","73356604950"
"009470","삼화전기","KOSPI","전기전자","15700","750","5.02","103836974000"
"011230","삼화전자","KOSPI","전기전자","2780","100","3.73","29073073200"
"001820","삼화콘덴서","KOSPI","전기전자","31500","1250","4.13","327442500000"
"000390","삼화페인트","KOSPI","화학","6010","230","3.98","163492848690"
"001290","상상인증권","KOSPI","증권","893","13","1.48","96745048160"
"041650","상신브레이크","KOSPI","운수장비","2725","125","4.81","58509701250"
"075180","새론오토모티브","KOSPI","운수장비","4980","130","2.68","95616000000"
"007540","샘표","KOSPI","기타금융","48350","950","2.00","139044930000"
"248170","샘표식품","KOSPI","음식료품","31300","1550","5.21","142987351800"
"007860","서연","KOSPI","기타금융","5310","250","4.94","124677971640"
"200880","서연이화","KOSPI","운수장비","7310","170","2.38","197577874470"
"017390","서울가스","KOSPI","전기가스업","297500","4000","1.36","1487500000000"
"004410","서울식품","KOSPI","음식료품","217","5","2.36","81321956303"
"004415","서울식품우","KOSPI","음식료품","3000","30","1.01","6673500000"
"021050","서원","KOSPI","철강금속","1230","40","3.36","58393745700"
"008490","서흥","KOSPI","화학","32950","1000","3.13","381202273350"
"007610","선도전기","KOSPI","전기전자","3000","0","0.00","54000000000"
"136490","선진","KOSPI","음식료품","8510","270","3.28","202364430040"
"014910","성문전자","KOSPI","전기전자","1570","0","0.00","30594365490"
"014915","성문전자우","KOSPI","전기전자","7780","10","0.13","4668000000"
"003080","성보화학","KOSPI","화학","3075","105","3.54","61561500000"
"004980","성신양회","KOSPI","비금속광물","8020","230","2.95","196618905460"
"004985","성신양회우","KOSPI","비금속광물","11600","350","3.11","8533482000"
"011300","성안","KOSPI","섬유의복","1000","-5","-0.50","56857860000"
"000180","성창기업지주","KOSPI","서비스업","1905","55","2.97","132876798000"
"002420","세기상사","KOSPI","유통업","7800","130","1.69","41286554400"
"004360","세방","KOSPI","운수창고업","15150","150","1.00","292526653500"
"004365","세방우","KOSPI","운수창고업","7290","40","0.55","26894632500"
"004490","세방전지","KOSPI","전기전자","40600","700","1.75","568400000000"
"001430","세아베스틸지주","KOSPI","철강금속","17550","1300","8.00","629380188450"
"306200","세아제강","KOSPI","철강금속","150500","2500","1.69","426863150000"
"003030","세아제강지주","KOSPI","기타금융","157500","7000","4.65","652310977500"
"019440","세아특수강","KOSPI","철강금속","18400","900","5.14","157688000000"
"058650","세아홀딩스","KOSPI","철강금속","96400","3700","3.99","385600000000"
"013000","세우글로벌","KOSPI","유통업","1335","45","3.49","38321216385"
"091090","세원이앤씨","KOSPI","기계","868","-57","-6.16","155015996744"
"021820","세원정공","KOSPI","운수장비","8090","0","0.00","80900000000"
"067830","세이브존I&C","KOSPI","유통업","2620","30","1.16","107527144900"
"033530","세종공업","KOSPI","운수장비","4700","150","3.30","130758516700"
"075580","세진중공업","KOSPI","운수장비","6450","240","3.86","366678991200"
"027970","세하","KOSPI","종이목재","1180","50","4.42","67924336460"
"308170","센트랄모텍","KOSPI","운수장비","13550","400","3.04","116665500000"
"012600","센트럴인사이트","KOSPI","기계","2490","0","0.00","45159499050"
"068270","셀트리온","KOSPI","의약품","173000","-2500","-1.42","24356992818000"
"336370","솔루스첨단소재","KOSPI","전기전자","31050","1150","3.85","1090202604750"
"33637K","솔루스첨단소재1우","KOSPI","전기전자","8370","190","2.32","70770183030"
"33637L","솔루스첨단소재2우B","KOSPI","전기전자","10200","150","1.49","19271370000"
"248070","솔루엠","KOSPI","전기전자","19400","500","2.65","970107689400"
"004430","송원산업","KOSPI","화학","16500","550","3.45","396000000000"
"126720","수산인더스트리","KOSPI","건설업","27700","1100","4.14","395722200000"
"017550","수산중공업","KOSPI","기계","2455","55","2.29","132533575165"
"053210","스카이라이프","KOSPI","서비스업","8110","70","0.87","387836144260"
"026890","스틱인베스트먼트","KOSPI","기타금융","5740","280","5.13","239232724500"
"134790","시디즈","KOSPI","기타제조업","44200","1300","3.03","88400000000"
"016590","신대양제지","KOSPI","종이목재","82200","200","0.24","331248080400"
"029530","신도리코","KOSPI","전기전자","32650","950","3.00","329112946850"
"004970","신라교역","KOSPI","농업, 임업 및 어업","10950","150","1.39","175200000000"
"011930","신성이엔지","KOSPI","전기전자","1965","75","3.97","404491616715"
"005390","신성통상","KOSPI","유통업","2370","115","5.10","340588884300"
"004170","신세계","KOSPI","유통업","230000","-1000","-0.43","2264391630000"
"035510","신세계 I&C","KOSPI","서비스업","12400","250","2.06","213280000000"
"034300","신세계건설","KOSPI","건설업","19450","350","1.83","77800000000"
"031430","신세계인터내셔날","KOSPI","유통업","27500","450","1.66","981750000000"
"031440","신세계푸드","KOSPI","서비스업","50900","900","1.80","197109232000"
"006880","신송홀딩스","KOSPI","유통업","8370","50","0.60","99007541460"
"005800","신영와코루","KOSPI","섬유의복","11100","0","0.00","99900000000"
"001720","신영증권","KOSPI","증권","55500","1000","1.83","520936153500"
"001725","신영증권우","KOSPI","증권","56000","1400","2.56","395010728000"
"009270","신원","KOSPI","섬유의복","1505","30","2.03","154392465780"
"002700","신일전자","KOSPI","유통업","1740","25","1.46","123622686540"
"019170","신풍제약","KOSPI","의약품","20800","900","4.52","1102087792000"
"019175","신풍제약우","KOSPI","의약품","32000","600","1.91","70400000000"
"002870","신풍제지","KOSPI","유통업","1260","30","2.44","44047962000"
"404990","신한서부티엔디리츠","KOSPI","서비스업","4270","-50","-1.16","238931624680"
"293940","신한알파리츠","KOSPI","서비스업","7630","10","0.13","563323838490"
"055550","신한지주","KOSPI","기타금융","34500","1000","2.99","17696227519500"
"004080","신흥","KOSPI","유통업","15100","200","1.34","143450000000"
"102280","쌍방울","KOSPI","섬유의복","405","11","2.79","106349812245"
"003410","쌍용C&E","KOSPI","비금속광물","6010","140","2.39","3028196165950"
"003620","쌍용차","KOSPI","운수장비","2770","0","0.00","415056805540"
"004770","써니전자","KOSPI","전기전자","2230","80","3.72","77704374530"
"015540","쎌마테라퓨틱스","KOSPI","서비스업","6410","0","0.00","157390672070"
"403550","쏘카","KOSPI","서비스업","16500","500","3.13","539973258000"
"004920","씨아이테크","KOSPI","기타제조업","831","15","1.84","36239962353"
"112610","씨에스윈드","KOSPI","기계","62900","2200","3.62","2652581248700"
"008700","아남전자","KOSPI","전기전자","1860","105","5.98","143452165200"
"002790","아모레G","KOSPI","화학","26600","-250","-0.93","2193387588000"
"00279K","아모레G3우(전환)","KOSPI","화학","22800","-400","-1.72","161702160000"
"002795","아모레G우","KOSPI","화학","12000","-150","-1.23","77325240000"
"090430","아모레퍼시픽","KOSPI","화학","103000","1000","0.98","6024754177000"
"090435","아모레퍼시픽우","KOSPI","화학","42200","200","0.48","445540426000"
"002030","아세아","KOSPI","서비스업","104500","2500","2.45","228962008000"
"183190","아세아시멘트","KOSPI","비금속광물","9390","210","2.29","365816465100"
"002310","아세아제지","KOSPI","종이목재","33850","1150","3.52","303177592700"
"012170","아센디오","KOSPI","서비스업","897","9","1.01","72216748812"
"267850","아시아나IDT","KOSPI","서비스업","11850","150","1.28","131535000000"
"020560","아시아나항공","KOSPI","운수창고업","11800","-250","-2.07","878058815200"
"122900","아이마켓코리아","KOSPI","유통업","10400","0","0.00","347659936000"
"010780","아이에스동서","KOSPI","비금속광물","30800","200","0.65","951492264800"
"139990","아주스틸","KOSPI","철강금속","9510","150","1.60","251560317390"
"001780","알루코","KOSPI","철강금속","2420","100","4.31","217726025440"
"018250","애경산업","KOSPI","화학","12000","300","2.56","316919220000"
"161000","애경케미칼","KOSPI","화학","10000","510","5.37","486487090000"
"011090","에넥스","KOSPI","기타제조업","989","31","3.24","59331732949"
"137310","에스디바이오센서","KOSPI","의료정밀","27900","1300","4.89","2881270748700"
"005850","에스엘","KOSPI","운수장비","32950","650","2.01","1530478734000"
"010580","에스엠벡셀","KOSPI","운수장비","2090","-15","-0.71","232516178400"
"012750","에스원","KOSPI","서비스업","58400","500","0.86","2219151995200"
"023960","에쓰씨엔지니어링","KOSPI","건설업","1615","35","2.22","50467708325"
"298690","에어부산","KOSPI","운수창고업","3065","-50","-1.61","198121600000"
"140910","에이리츠","KOSPI","서비스업","4630","10","0.22","20663838160"
"078520","에이블씨엔씨","KOSPI","화학","4570","20","0.44","123542907630"
"015260","에이엔피","KOSPI","전기전자","2040","80","4.08","59257550760"
"007460","에이프로젠","KOSPI","기계","983","28","2.93","748038982361"
"003060","에이프로젠제약","KOSPI","의약품","575","94","19.54","229181132150"
"244920","에이플러스에셋","KOSPI","기타금융","5000","40","0.81","113038465000"
"036570","엔씨소프트","KOSPI","서비스업","356000","10000","2.89","7815631832000"
"380440","엔에이치스팩19호","KOSPI","기타금융","2050","-5","-0.24","105144500000"
"085310","엔케이","KOSPI","기계","901","20","2.27","72065000152"
"900140","엘브이엠씨홀딩스","KOSPI","유통업","2645","25","0.95","263059260565"
"097520","엠씨넥스","KOSPI","전기전자","28100","1050","3.88","505174269200"
"014440","영보화학","KOSPI","화학","3480","40","1.16","69600000000"
"111770","영원무역","KOSPI","유통업","45200","600","1.35","2002878353600"
"009970","영원무역홀딩스","KOSPI","기타금융","52000","900","1.76","709050784000"
"003520","영진약품","KOSPI","의약품","2670","40","1.52","488323591770"
"000670","영풍","KOSPI","철강금속","665000","27000","4.23","1224956600000"
"006740","영풍제지","KOSPI","종이목재","7330","-60","-0.81","162726000000"
"012280","영화금속","KOSPI","운수장비","945","30","3.28","50457807225"
"012160","영흥","KOSPI","철강금속","701","2","0.29","71018570772"
"015360","예스코홀딩스","KOSPI","서비스업","33050","-150","-0.45","198300000000"
"007310","오뚜기","KOSPI","음식료품","461000","0","0.00","1692783241000"
"002630","오리엔트바이오","KOSPI","의약품","629","19","3.11","74588710145"
"271560","오리온","KOSPI","음식료품","100500","-2500","-2.43","3973381266000"
"001800","오리온홀딩스","KOSPI","기타금융","14900","100","0.68","933416787800"
"011690","와이투솔루션","KOSPI","전기전자","647","35","5.72","103025457139"
"070960","용평리조트","KOSPI","서비스업","3310","40","1.22","159321332230"
"316140","우리금융지주","KOSPI","기타금융","11100","400","3.74","8081472093900"
"010050","우리종금","KOSPI","기타금융","741","13","1.79","647784723846"
"006980","우성","KOSPI","음식료품","21000","900","4.48","64890000000"
"017370","우신시스템","KOSPI","기계","2135","25","1.18","39100505290"
"105840","우진","KOSPI","의료정밀","9500","400","4.40","193074333000"
"010400","우진아이엔에스","KOSPI","건설업","5800","-210","-3.49","44207600000"
"049800","우진플라임","KOSPI","기계","3960","165","4.35","79200000000"
"016880","웅진","KOSPI","서비스업","1135","30","2.71","90717235800"
"095720","웅진씽크빅","KOSPI","서비스업","2230","55","2.53","257578346550"
"005820","원림","KOSPI","섬유의복","20600","400","1.98","47338182000"
"010600","웰바이오텍","KOSPI","유통업","1410","5","0.36","93669266640"
"008600","윌비스","KOSPI","유통업","728","21","2.97","48947836392"
"033270","유나이티드제약","KOSPI","의약품","26700","3250","13.86","433736747400"
"014830","유니드","KOSPI","화학","84400","900","1.08","750302749200"
"000910","유니온","KOSPI","비금속광물","4980","230","4.84","77745862620"
"047400","유니온머티리얼","KOSPI","비금속광물","2525","105","4.34","106050000000"
"011330","유니켐","KOSPI","기타제조업","1130","10","0.89","82401160530"
"077500","유니퀘스트","KOSPI","유통업","8020","430","5.67","219394919500"
"002920","유성기업","KOSPI","운수장비","2650","50","1.92","68760875000"
"000700","유수홀딩스","KOSPI","서비스업","6720","350","5.49","175000976640"
"003470","유안타증권","KOSPI","증권","2550","95","3.87","508971268800"
"003475","유안타증권우","KOSPI","증권","2740","40","1.48","35379460880"
"072130","유엔젤","KOSPI","서비스업","2855","135","4.96","37673021170"
"000220","유유제약","KOSPI","의약품","5800","110","1.93","99947635800"
"000225","유유제약1우","KOSPI","의약품","7650","80","1.06","17342014500"
"000227","유유제약2우B","KOSPI","의약품","14600","50","0.34","4753176000"
"001200","유진투자증권","KOSPI","증권","2350","110","4.91","227636082300"
"000100","유한양행","KOSPI","의약품","54200","-100","-0.18","3969145999200"
"000105","유한양행우","KOSPI","의약품","52800","300","0.57","62353632000"
"003460","유화증권","KOSPI","증권","2365","0","0.00","134101211475"
"003465","유화증권우","KOSPI","증권","2535","15","0.60","44302737375"
"008730","율촌화학","KOSPI","화학","30700","4000","14.98","761360000000"
"008250","이건산업","KOSPI","종이목재","7170","180","2.58","78530392950"
"025820","이구산업","KOSPI","철강금속","2705","165","6.50","90460610000"
"214320","이노션","KOSPI","서비스업","42300","800","1.93","846000000000"
"088260","이리츠코크렙","KOSPI","서비스업","5450","0","0.00","345211665500"
"139480","이마트","KOSPI","유통업","83900","0","0.00","2338781214100"
"007660","이수페타시스","KOSPI","전기전자","4995","235","4.94","315915862905"
"005950","이수화학","KOSPI","화학","21700","650","3.09","606722104800"
"015020","이스타코","KOSPI","서비스업","953","29","3.14","40837574800"
"093230","이아이디","KOSPI","유통업","1115","10","0.90","113578393450"
"074610","이엔플러스","KOSPI","기계","3850","125","3.36","222302734500"
"102460","이연제약","KOSPI","의약품","19900","750","3.92","358171682300"
"084680","이월드","KOSPI","기타제조업","1565","55","3.64","221926692045"
"350520","이지스레지던스리츠","KOSPI","서비스업","4290","25","0.59","121658466930"
"334890","이지스밸류리츠","KOSPI","서비스업","4340","-60","-1.36","159474753900"
"000760","이화산업","KOSPI","유통업","15250","-150","-0.97","42700000000"
"014990","인디에프","KOSPI","섬유의복","580","9","1.58","41013537100"
"101140","인바이오젠","KOSPI","유통업","1280","25","1.99","68347929600"
"006490","인스코비","KOSPI","통신업","1540","90","6.21","169229578980"
"023800","인지컨트롤스","KOSPI","운수장비","8310","290","3.62","127419000030"
"034590","인천도시가스","KOSPI","전기가스업","29600","350","1.20","129492718400"
"129260","인터지스","KOSPI","운수창고업","2660","135","5.35","79129344840"
"023810","인팩","KOSPI","운수장비","7020","-20","-0.28","70200000000"
"249420","일동제약","KOSPI","의약품","28800","800","2.86","771934608000"
"000230","일동홀딩스","KOSPI","의약품","24650","750","3.14","284470860000"
"013360","일성건설","KOSPI","건설업","2460","90","3.80","132901204800"
"003120","일성신약","KOSPI","의약품","117000","9000","8.33","311220000000"
"003200","일신방직","KOSPI","섬유의복","105000","3000","2.94","252000000000"
"007110","일신석재","KOSPI","유통업","1200","35","3.00","92947932000"
"007570","일양약품","KOSPI","의약품","18050","100","0.56","344496235200"
"007575","일양약품우","KOSPI","의약품","20300","300","1.50","9035124000"
"008500","일정실업","KOSPI","섬유의복","21850","650","3.07","26220000000"
"081000","일진다이아","KOSPI","화학","16500","800","5.10","234349087500"
"020760","일진디스플","KOSPI","전기전자","1240","25","2.06","63877038840"
"020150","일진머티리얼즈","KOSPI","전기전자","53200","2400","4.72","2453096422000"
"103590","일진전기","KOSPI","전기전자","4590","205","4.68","170198990100"
"271940","일진하이솔루스","KOSPI","운수장비","29750","350","1.19","1080317402500"
"015860","일진홀딩스","KOSPI","기타금융","4310","430","11.08","212687651730"
"226320","잇츠한불","KOSPI","화학","17050","400","2.40","373894820750"
"317400","자이에스앤디","KOSPI","서비스업","6220","80","1.30","241227274400"
"033240","자화전자","KOSPI","전기전자","20700","1000","5.08","415231505100"
"000950","전방","KOSPI","섬유의복","67000","-2100","-3.04","112560000000"
"348950","제이알글로벌리츠","KOSPI","서비스업","4525","15","0.33","893126400000"
"194370","제이에스코퍼레이션","KOSPI","기타제조업","15000","750","5.26","200034015000"
"025620","제이준코스메틱","KOSPI","화학","423","8","1.93","32563713402"
"030000","제일기획","KOSPI","서비스업","22750","50","0.22","2617187868750"
"271980","제일약품","KOSPI","의약품","17700","400","2.31","260276234400"
"001560","제일연마","KOSPI","비금속광물","8230","-70","-0.84","82300000000"
"002620","제일파마홀딩스","KOSPI","서비스업","9750","250","2.63","155740211250"
"006220","제주은행","KOSPI","은행","8870","-10","-0.11","284982225380"
"089590","제주항공","KOSPI","운수창고업","12400","-400","-3.13","617019883200"
"004910","조광페인트","KOSPI","화학","8360","160","1.95","107008000000"
"004700","조광피혁","KOSPI","기타제조업","48300","350","0.73","321153365400"
"001550","조비","KOSPI","화학","15150","550","3.77","78662420850"
"000480","조선내화","KOSPI","비금속광물","75900","1000","1.34","303600000000"
"120030","조선선재","KOSPI","기계","111500","3000","2.76","140228086500"
"018470","조일알미늄","KOSPI","철강금속","2485","55","2.26","312691826685"
"002600","조흥","KOSPI","음식료품","184000","1000","0.55","110400000000"
"185750","종근당","KOSPI","의약품","78400","-200","-0.25","939862179200"
"063160","종근당바이오","KOSPI","의약품","21950","450","2.09","120416865900"
"001630","종근당홀딩스","KOSPI","의약품","51000","600","1.19","255502911000"
"044380","주연테크","KOSPI","전기전자","620","15","2.48","36703531280"
"013890","지누스","KOSPI","기타제조업","35000","200","0.57","603135085000"
"013870","지엠비코리아","KOSPI","운수장비","4535","175","4.01","86492789800"
"071320","지역난방공사","KOSPI","전기가스업","29750","450","1.54","344467634000"
"035000","지투알","KOSPI","서비스업","5780","-30","-0.52","95759624020"
"088790","진도","KOSPI","유통업","2440","-60","-2.40","30372495360"
"003780","진양산업","KOSPI","화학","6840","80","1.18","88920000000"
"010640","진양폴리","KOSPI","화학","5930","90","1.54","59300000000"
"100250","진양홀딩스","KOSPI","화학","3130","30","0.97","174952263960"
"051630","진양화학","KOSPI","화학","3950","140","3.67","62410000000"
"272450","진에어","KOSPI","운수창고업","15500","-700","-4.32","809100000000"
"011000","진원생명과학","KOSPI","의약품","9800","280","2.94","761965670200"
"002780","진흥기업","KOSPI","건설업","1335","30","2.30","194204779575"
"002787","진흥기업2우B","KOSPI","건설업","13300","-150","-1.12","3920946400"
"002785","진흥기업우B","KOSPI","건설업","4950","0","0.00","4243229100"
"009310","참엔지니어링","KOSPI","기계","812","60","7.98","47800344228"
"000650","천일고속","KOSPI","운수창고업","60000","1900","3.27","85753200000"
"033250","체시스","KOSPI","운수장비","1020","-40","-3.77","32640000000"
"118000","초록뱀헬스케어","KOSPI","유통업","616","12","1.99","52178270760"
"035720","카카오","KOSPI","서비스업","55900","-1200","-2.10","24892895073800"
"323410","카카오뱅크","KOSPI","은행","20350","300","1.50","9699347992950"
"377300","카카오페이","KOSPI","기타금융","49350","250","0.51","6545335753950"
"006380","카프로","KOSPI","화학","2315","50","2.21","92600000000"
"109070","컨버즈","KOSPI","전기전자","4100","0","0.00","150921943000"
"001620","케이비아이동국실업","KOSPI","운수장비","547","15","2.82","47745444188"
"029460","케이씨","KOSPI","의료정밀","14750","600","4.24","199922149000"
"281820","케이씨텍","KOSPI","의료정밀","14050","400","2.93","293104861800"
"381970","케이카","KOSPI","유통업","14000","300","2.19","673211462000"
"145270","케이탑리츠","KOSPI","서비스업","936","14","1.52","44984884464"
"417310","코람코더원리츠","KOSPI","서비스업","4390","-95","-2.12","177356000000"
"357120","코람코에너지리츠","KOSPI","서비스업","4800","25","0.52","424965475200"
"007815","코리아써우","KOSPI","전기전자","6240","40","0.65","18499665600"
"007810","코리아써키트","KOSPI","전기전자","13750","400","3.00","324785326250"
"00781K","코리아써키트2우B","KOSPI","전기전자","8100","110","1.38","6347961900"
"003690","코리안리","KOSPI","보험","7830","-20","-0.25","942490178280"
"192820","코스맥스","KOSPI","화학","50400","100","0.20","572015253600"
"044820","코스맥스비티아이","KOSPI","기타금융","7780","120","1.57","74718505380"
"005070","코스모신소재","KOSPI","화학","50800","300","0.59","1557058404800"
"005420","코스모화학","KOSPI","화학","23150","350","1.54","810440478200"
"071950","코아스","KOSPI","기타제조업","784","14","1.82","24231252640"
"002020","코오롱","KOSPI","기타금융","23800","1400","6.25","300508938800"
"003070","코오롱글로벌","KOSPI","건설업","15050","0","0.00","379417091900"
"003075","코오롱글로벌우","KOSPI","건설업","26800","300","1.13","8383120400"
"002025","코오롱우","KOSPI","기타금융","17250","500","2.99","18567727500"
"120110","코오롱인더","KOSPI","화학","44150","1850","4.37","1214967867650"
"120115","코오롱인더우","KOSPI","화학","25100","950","3.93","69473286000"
"138490","코오롱플라스틱","KOSPI","화학","10000","440","4.60","380000000000"
"021240","코웨이","KOSPI","서비스업","55800","1900","3.53","4118018740200"
"036420","콘텐트리중앙","KOSPI","서비스업","27550","1000","3.77","528197388450"
"031820","콤텍시스템","KOSPI","서비스업","647","13","2.05","78320298502"
"192400","쿠쿠홀딩스","KOSPI","기타금융","16700","250","1.52","593888489500"
"284740","쿠쿠홈시스","KOSPI","서비스업","29200","1100","3.91","655170036000"
"015590","큐로","KOSPI","기계","328","1","0.31","75837417264"
"264900","크라운제과","KOSPI","음식료품","8310","350","4.40","104073193500"
"26490K","크라운제과우","KOSPI","음식료품","11000","400","3.77","8509160000"
"005740","크라운해태홀딩스","KOSPI","기타금융","6200","200","3.33","92053551400"
"005745","크라운해태홀딩스우","KOSPI","기타금융","10200","150","1.49","6127405200"
"259960","크래프톤","KOSPI","서비스업","214000","4000","1.90","10501417630000"
"020120","키다리스튜디오","KOSPI","서비스업","6970","210","3.11","255107164770"
"039490","키움증권","KOSPI","증권","77400","1700","2.25","2029390306200"
"014580","태경비케이","KOSPI","비금속광물","5550","310","5.92","153086205000"
"015890","태경산업","KOSPI","화학","6970","370","5.61","203724387500"
"006890","태경케미컬","KOSPI","화학","10950","500","4.78","127020000000"
"003240","태광산업","KOSPI","화학","720000","17000","2.42","801648000000"
"011280","태림포장","KOSPI","종이목재","2515","65","2.65","178076939100"
"004100","태양금속","KOSPI","운수장비","1125","35","3.21","41287500000"
"004105","태양금속우","KOSPI","운수장비","1905","5","0.26","6286500000"
"009410","태영건설","KOSPI","건설업","4905","200","4.25","190800075690"
"009415","태영건설우","KOSPI","건설업","8190","600","7.91","10664542980"
"001420","태원물산","KOSPI","운수장비","4055","45","1.12","30818000000"
"007980","태평양물산","KOSPI","섬유의복","1460","50","3.55","70298397020"
"055490","테이팩스","KOSPI","화학","71200","2200","3.19","335896680000"
"078000","텔코웨어","KOSPI","서비스업","8650","-150","-1.70","83928406900"
"214420","토니모리","KOSPI","화학","3870","80","2.11","93092072130"
"019180","티에이치엔","KOSPI","전기전자","3650","140","3.99","65700000000"
"363280","티와이홀딩스","KOSPI","기타금융","12250","200","1.66","623883533000"
"36328K","티와이홀딩스우","KOSPI","기타금융","12950","150","1.17","16256627100"
"091810","티웨이항공","KOSPI","운수창고업","1625","-90","-5.25","260536703375"
"004870","티웨이홀딩스","KOSPI","비금속광물","446","-18","-3.88","48824586482"
"005690","파미셀","KOSPI","의약품","10200","-100","-0.97","611581290000"
"036580","팜스코","KOSPI","음식료품","4210","120","2.93","154624640030"
"004720","팜젠사이언스","KOSPI","의약품","6200","230","3.85","98151518000"
"028670","팬오션","KOSPI","운수창고업","4815","315","7.00","2573952200280"
"010820","퍼스텍","KOSPI","기계","3150","230","7.88","151393599000"
"016800","퍼시스","KOSPI","기타제조업","27550","750","2.80","316825000000"
"001020","페이퍼코리아","KOSPI","종이목재","1275","30","2.41","60647682750"
"090080","평화산업","KOSPI","운수장비","1255","40","3.29","68902335045"
"010770","평화홀딩스","KOSPI","운수장비","2975","70","2.41","43510761350"
"058430","포스코스틸리온","KOSPI","철강금속","29200","1150","4.10","175200000000"
"047050","포스코인터내셔널","KOSPI","유통업","22600","1700","8.13","2788278367400"
"003670","포스코케미칼","KOSPI","비금속광물","153500","3500","2.33","11890604270000"
"017810","풀무원","KOSPI","음식료품","11650","250","2.19","444104314300"
"103140","풍산","KOSPI","철강금속","26400","2100","8.64","739840939200"
"005810","풍산홀딩스","KOSPI","기타금융","25850","1300","5.30","269086298800"
"950210","프레스티지바이오파마","KOSPI","서비스업","8410","510","6.46","505408663550"
"009810","플레이그램","KOSPI","유통업","1010","-10","-0.98","90614236660"
"086790","하나금융지주","KOSPI","기타금융","37250","1800","5.08","11022404481000"
"293480","하나제약","KOSPI","의약품","15100","300","2.03","268371484600"
"039130","하나투어","KOSPI","서비스업","55100","1200","2.23","883759093500"
"352820","하이브","KOSPI","서비스업","134500","-500","-0.37","5562030551500"
"071090","하이스틸","KOSPI","철강금속","3900","85","2.23","78746736900"
"019490","하이트론","KOSPI","전기전자","2470","0","0.00","23739723280"
"000080","하이트진로","KOSPI","음식료품","26850","350","1.32","1883087455350"
"000087","하이트진로2우B","KOSPI","음식료품","17000","0","0.00","19212346000"
"000140","하이트진로홀딩스","KOSPI","기타금융","10250","200","1.99","237869341250"
"000145","하이트진로홀딩스우","KOSPI","기타금융","13400","250","1.90","6308854000"
"152550","한국ANKOR유전","KOSPI","기타금융","1700","25","1.49","119034000000"
"036460","한국가스공사","KOSPI","전기가스업","35100","1300","3.85","3240186300000"
"005430","한국공항","KOSPI","운수창고업","36800","250","0.68","116521864000"
"071050","한국금융지주","KOSPI","기타금융","47900","400","0.84","2669275016800"
"071055","한국금융지주우","KOSPI","기타금융","44850","250","0.56","262742557350"
"010040","한국내화","KOSPI","비금속광물","2725","45","1.68","111907743950"
"025540","한국단자","KOSPI","전기전자","62000","-300","-0.48","645730000000"
"004090","한국석유","KOSPI","비금속광물","10550","500","4.98","133922966000"
"002200","한국수출포장","KOSPI","종이목재","24100","250","1.05","96400000000"
"002960","한국쉘석유","KOSPI","화학","245000","-1500","-0.61","318500000000"
"000240","한국앤컴퍼니","KOSPI","기타금융","12550","100","0.80","1191437262000"
"123890","한국자산신탁","KOSPI","기타금융","3115","30","0.97","386190697480"
"015760","한국전력","KOSPI","전기가스업","19850","-250","-1.24","12742986928450"
"006200","한국전자홀딩스","KOSPI","기타금융","1210","55","4.76","56631794560"
"009540","한국조선해양","KOSPI","운수장비","76200","3300","4.53","5392911439200"
"023350","한국종합기술","KOSPI","서비스업","6680","380","6.03","73146000000"
"025890","한국주강","KOSPI","기계","2520","110","4.56","28499332680"
"000970","한국주철관","KOSPI","철강금속","6970","200","2.95","158919485000"
"104700","한국철강","KOSPI","철강금속","6190","210","3.51","262765500000"
"017960","한국카본","KOSPI","기계","12400","500","4.20","545113386800"
"161890","한국콜마","KOSPI","화학","38150","150","0.39","872917017000"
"024720","한국콜마홀딩스","KOSPI","기타금융","14900","0","0.00","276793113100"
"161390","한국타이어앤테크놀로지","KOSPI","화학","35300","50","0.14","4372789935700"
"034830","한국토지신탁","KOSPI","기타금융","1375","5","0.36","347172691250"
"007280","한국특강","KOSPI","철강금속","2195","45","2.09","132994167610"
"168490","한국패러랠","KOSPI","기타금융","2095","15","0.72","167641900000"
"010100","한국프랜지","KOSPI","운수장비","2320","175","8.16","70644974400"
"047810","한국항공우주","KOSPI","운수장비","51100","2650","5.47","4980977967700"
"123690","한국화장품","KOSPI","유통업","6860","130","1.93","110226480000"
"003350","한국화장품제조","KOSPI","화학","20800","500","2.46","94265600000"
"011500","한농화성","KOSPI","화학","12950","650","5.28","202499693900"
"002390","한독","KOSPI","의약품","15150","350","2.36","208517524950"
"053690","한미글로벌","KOSPI","서비스업","25450","4150","19.48","278869647500"
"042700","한미반도체","KOSPI","기계","12150","1350","12.50","1201875011100"
"008930","한미사이언스","KOSPI","기타금융","32150","600","1.90","2206251440600"
"128940","한미약품","KOSPI","의약품","232000","3000","1.31","2857769272000"
"009240","한샘","KOSPI","유통업","43650","900","2.11","1027255957200"
"020000","한섬","KOSPI","섬유의복","25800","100","0.39","635454000000"
"003680","한성기업","KOSPI","음식료품","5430","120","2.26","33717666450"
"105630","한세실업","KOSPI","섬유의복","13800","400","2.99","552000000000"
"069640","한세엠케이","KOSPI","유통업","2740","0","0.00","82491815480"
"016450","한세예스24홀딩스","KOSPI","섬유의복","4235","160","3.93","169400000000"
"010420","한솔PNS","KOSPI","유통업","1605","50","3.22","32891284260"
"009180","한솔로지스틱스","KOSPI","운수창고업","2645","105","4.13","72677789125"
"213500","한솔제지","KOSPI","종이목재","15100","100","0.67","359388697600"
"014680","한솔케미칼","KOSPI","화학","176000","6000","3.53","1994994320000"
"004710","한솔테크닉스","KOSPI","전기전자","4760","230","5.08","152843019280"
"004150","한솔홀딩스","KOSPI","기타금융","3180","55","1.76","133587274860"
"025750","한솔홈데코","KOSPI","종이목재","1075","45","4.37","86607535175"
"004960","한신공영","KOSPI","건설업","9290","220","2.43","107491821580"
"011700","한신기계","KOSPI","기계","6580","260","4.11","213495673580"
"001750","한양증권","KOSPI","증권","9120","200","2.24","116084230080"
"001755","한양증권우","KOSPI","증권","14850","250","1.71","7796250000"
"018880","한온시스템","KOSPI","기계","8320","0","0.00","4441216000000"
"009420","한올바이오파마","KOSPI","의약품","13800","500","3.76","720920804400"
"014130","한익스프레스","KOSPI","운수창고업","4595","85","1.88","55140000000"
"300720","한일시멘트","KOSPI","비금속광물","11650","300","2.64","806896941000"
"002220","한일철강","KOSPI","철강금속","3410","75","2.25","91038338600"
"006390","한일현대시멘트","KOSPI","비금속광물","19150","200","1.06","340382345250"
"003300","한일홀딩스","KOSPI","비금속광물","11100","0","0.00","342245012400"
"051600","한전KPS","KOSPI","건설업","35500","800","2.31","1597500000000"
"052690","한전기술","KOSPI","서비스업","56900","1500","2.71","2174718000000"
"130660","한전산업","KOSPI","서비스업","8460","260","3.17","275796000000"
"002320","한진","KOSPI","운수창고업","20750","350","1.72","310163281000"
"003480","한진중공업홀딩스","KOSPI","전기가스업","3560","75","2.15","105126130720"
"180640","한진칼","KOSPI","운수창고업","39500","2150","5.76","2637090942000"
"18064K","한진칼우","KOSPI","운수창고업","24950","2600","11.63","13392311700"
"005110","한창","KOSPI","유통업","1060","10","0.95","84039087480"
"009460","한창제지","KOSPI","종이목재","1470","5","0.34","87711204420"
"372910","한컴라이프케어","KOSPI","의료정밀","6150","1110","22.02","170197596900"
"000880","한화","KOSPI","화학","25350","900","3.68","1900203932250"
"00088K","한화3우B","KOSPI","화학","13900","-100","-0.71","312360800000"
"088350","한화생명","KOSPI","보험","2125","35","1.67","1845626250000"
"000370","한화손해보험","KOSPI","보험","4005","65","1.65","467539354575"
"009830","한화솔루션","KOSPI","화학","49450","2250","4.77","9458721676650"
"009835","한화솔루션우","KOSPI","화학","39100","1750","4.69","43938116700"
"272210","한화시스템","KOSPI","전기전자","11150","100","0.90","2106451187350"
"012450","한화에어로스페이스","KOSPI","운수장비","62800","1300","2.11","3179564000000"
"000885","한화우","KOSPI","화학","29750","-150","-0.50","14258996500"
"003530","한화투자증권","KOSPI","증권","2495","75","3.10","535296698625"
"003535","한화투자증권우","KOSPI","증권","5440","80","1.49","26112000000"
"195870","해성디에스","KOSPI","전기전자","43100","1350","3.23","732700000000"
"101530","해태제과식품","KOSPI","음식료품","6260","160","2.62","182271305720"
"143210","핸즈코퍼레이션","KOSPI","운수장비","3425","65","1.93","74881692900"
"000720","현대건설","KOSPI","건설업","38700","1200","3.20","4309468105500"
"267270","현대건설기계","KOSPI","기계","33350","1350","4.22","657021446550"
"000725","현대건설우","KOSPI","건설업","61400","1300","2.16","64758150200"
"005440","현대그린푸드","KOSPI","유통업","6650","240","3.74","649734805300"
"086280","현대글로비스","KOSPI","운수창고업","165000","2500","1.54","6187500000000"
"042670","현대두산인프라코어","KOSPI","기계","4660","210","4.72","921577495260"
"064350","현대로템","KOSPI","운수장비","26950","1650","6.52","2941384796350"
"079430","현대리바트","KOSPI","기타제조업","9240","30","0.33","189746005680"
"012330","현대모비스","KOSPI","운수장비","198000","7000","3.66","18725472612000"
"010620","현대미포조선","KOSPI","운수장비","111000","8000","7.77","4433578539000"
"069960","현대백화점","KOSPI","유통업","55000","600","1.10","1287134255000"
"004560","현대비앤지스틸","KOSPI","철강금속","11900","300","2.59","179437850900"
"004565","현대비앤지스틸우","KOSPI","철강금속","59900","3600","6.39","6580134800"
"004310","현대약품","KOSPI","의약품","5360","610","12.84","171520000000"
"322000","현대에너지솔루션","KOSPI","전기전자","65300","6400","10.87","731360000000"
"017800","현대엘리베이","KOSPI","기계","23200","750","3.34","946912431200"
"307950","현대오토에버","KOSPI","서비스업","111000","7500","7.25","3044062002000"
"011210","현대위아","KOSPI","운수장비","62700","2600","4.33","1705131704100"
"267260","현대일렉트릭","KOSPI","전기전자","33300","1450","4.55","1200369595500"
"004020","현대제철","KOSPI","철강금속","29600","1500","5.34","3949995236000"
"329180","현대중공업","KOSPI","운수장비","119500","4500","3.91","10608387362000"
"005380","현대차","KOSPI","운수장비","179500","3000","1.70","38353439566500"
"005387","현대차2우B","KOSPI","운수장비","84700","1000","1.19","3090317699700"
"005389","현대차3우B","KOSPI","운수장비","81400","1100","1.37","197699029000"
"005385","현대차우","KOSPI","운수장비","85400","1300","1.55","2080060899000"
"001500","현대차증권","KOSPI","증권","9750","30","0.31","309197479500"
"011760","현대코퍼레이션","KOSPI","유통업","16200","600","3.85","214309249200"
"227840","현대코퍼레이션홀딩스","KOSPI","유통업","10350","100","0.98","94193652600"
"126560","현대퓨처넷","KOSPI","통신업","2495","60","2.46","274956347775"
"001450","현대해상","KOSPI","보험","30100","800","2.73","2690940000000"
"057050","현대홈쇼핑","KOSPI","유통업","47950","300","0.63","575400000000"
"093240","형지엘리트","KOSPI","섬유의복","1430","100","7.52","44551361140"
"003010","혜인","KOSPI","유통업","5950","180","3.12","75640844650"
"111110","호전실업","KOSPI","섬유의복","7300","100","1.39","71174883200"
"008770","호텔신라","KOSPI","유통업","74500","2600","3.62","2923985014500"
"008775","호텔신라우","KOSPI","유통업","56400","2200","4.06","42405975600"
"002460","화성산업","KOSPI","건설업","12100","250","2.11","122815000000"
"378850","화승알앤에이","KOSPI","운수장비","4160","-80","-1.89","79013471680"
"241590","화승엔터프라이즈","KOSPI","기타제조업","10850","150","1.40","657393644600"
"006060","화승인더","KOSPI","화학","4175","15","0.36","230961000000"
"013520","화승코퍼레이션","KOSPI","운수장비","1445","-35","-2.36","72324059140"
"010690","화신","KOSPI","운수장비","8550","180","2.15","298569505500"
"133820","화인베스틸","KOSPI","철강금속","2345","65","2.85","69838651645"
"010660","화천기계","KOSPI","기계","5250","310","6.28","115500000000"
"000850","화천기공","KOSPI","기계","30150","850","2.90","66330000000"
"016580","환인제약","KOSPI","의약품","17000","250","1.49","316201190000"
"032560","황금에스티","KOSPI","철강금속","7420","290","4.07","126140000000"
"004800","효성","KOSPI","기타금융","70400","400","0.57","1483400160000"
"094280","효성ITX","KOSPI","서비스업","13550","200","1.50","156613610000"
"298040","효성중공업","KOSPI","전기전자","62200","2700","4.54","579986885600"
"298050","효성첨단소재","KOSPI","화학","316000","8500","2.76","1415663568000"
"298020","효성티앤씨","KOSPI","화학","270500","11500","4.44","1170637981000"
"298000","효성화학","KOSPI","화학","120500","6000","5.24","384410183000"
"093370","후성","KOSPI","화학","12500","650","5.49","1157585237500"
"081660","휠라홀딩스","KOSPI","유통업","30300","-1000","-3.19","1840792326600"
"005870","휴니드","KOSPI","전기전자","6250","340","5.75","88225093750"
"079980","휴비스","KOSPI","화학","5430","60","1.12","187335000000"
"005010","휴스틸","KOSPI","철강금속","5970","150","2.58","233952807750"
"000540","흥국화재","KOSPI","보험","3135","45","1.46","201400692075"
"000547","흥국화재2우B","KOSPI","보험","18100","300","1.69","2780160000"
"000545","흥국화재우","KOSPI","보험","6200","190","3.16","4761600000"
"003280","흥아해운","KOSPI","운수창고업","1250","20","1.63","300531123750"